-0.0,-0.0,-0.0,0.375,-0.0,0.25,0.25,0.0,-0.0,-0.0,-0.0,-0.0,0.125,-0.0,0.25,-0.0,-0.0,-0.0,-0.0,-0.0,-0.0,0.0,0.25,-0.0,-0.0,-0.0,-0.0,0.125,-0.0,-0.0,-0.0,0.25,0.5,-0.0,-0.0,-0.0,-0.0,-0.0,-0.0,-0.0,0.0,0.0,-0.0,-0.0,0.625,-0.0,-0.0,0.125,-0.0,-0.0,-0.0,0.0,-0.0,-0.0,-0.0,0.25,0.125,-0.0,0.75,-0.0,-0.0,-0.0,-0.0,-0.0,0.25,0.125,-0.0,-0.0,-0.0,-0.0,-0.0,-0.0,-0.0,-0.0,-0.0,-0.0,-0.0,0.0,0.25,0.5,-0.0,0.0,-0.0,-0.0,-0.0,-0.0,0.125,-0.0,-0.0,-0.0,0.25,0.25,0.0,-0.0,-0.0,0.0,-0.0,0.375,-0.0,-0.0,-0.0,0.25,-0.0,0.625,-0.0,-0.0,-0.0,-0.0,0.25,-0.0,-0.0,0.375,-0.0,0.25,-0.0,-0.0,0.75,-0.0,-0.0,0.125,-0.0,0.125,0.625,-0.0,0.25,-0.0,-0.0,0.25,-0.0,0.125,-0.0,0.125,0.625,-0.0,0.0,-0.0,-0.0,-0.0,0.125,-0.0,-0.0,-0.0,-0.0,-0.0,0.75,-0.0,0.125,-0.0,-0.0,-0.0,-0.0,-0.0,-0.0,-0.0,0.0,-0.0,-0.0,0.0,-0.0,-0.0,0.625,-0.0,0.375,-0.0,-0.0,-0.0,0.0,-0.0,0.125,-0.0,-0.0,0.25,0.625,-0.0,0.125,-0.0,-0.0,0.125,0.125,-0.0,-0.0,-0.0,0.0,-0.0,-0.0,0.125,0.625,0.25,0.0,-0.0,0.375,-0.0,-0.0,-0.0,0.0,-0.0,-0.0,-0.0,0.375,-0.0,0.625,-0.0,-0.0,0.0,0.0,-0.0,0.25,0.125,-0.0,0.25,0.0,-0.0,0.0,-0.0,0.125,-0.0,-0.0,-0.0,0.0,0.0,-0.0,-0.0,-0.0,0.625,0.375,-0.0,-0.0,0.125,0.375,-0.0,0.0,-0.0,0.5,-0.0,0.0,-0.0,0.125,0.125,0.25,-0.0,0.125,-0.0,-0.0,-0.0,0.0,-0.0,0.625,0.25,0.125,-0.0,-0.0,-0.0,-0.0,0.375,-0.0,0.625
-0.0,-0.0,-0.0,0.25,-0.0,-0.0,-0.0,-0.0,-0.0,-0.0,-0.0,-0.0,-0.0,-0.0,-0.0,0.5,-0.0,-0.0,-0.0,0.375,-0.0,-0.0,-0.0,-0.0,-0.0,-0.0,-0.0,-0.0,-0.0,-0.0,-0.0,-0.0,0.25,-0.0,-0.0,-0.0,1.125,-0.0,-0.0,-0.0,-0.0,-0.0,-0.0,-0.0,0.125,-0.0,0.0,-0.0,-0.0,-0.0,-0.0,-0.0,-0.0,-0.0,-0.0,0.25,-0.0,-0.0,0.625,0.25,-0.0,-0.0,-0.0,-0.0,-0.0,-0.0,-0.0,-0.0,-0.0,0.75,-0.0,0.5,-0.0,-0.0,-0.0,0.125,-0.0,-0.0,-0.0,-0.0,-0.0,-0.0,-0.0,-0.0,-0.0,-0.0,-0.0,-0.0,-0.0,-0.0,-0.0,0.25,-0.0,-0.0,-0.0,-0.0,-0.0,-0.0,-0.0,-0.0,-0.0,-0.0,-0.0,0.875,-0.0,-0.0,-0.0,-0.0,-0.0,-0.0,-0.0,-0.0,-0.0,0.0,-0.0,-0.0,-0.0,-0.0,-0.0,0.625,-0.0,-0.0,-0.0,0.25,0.5,-0.0,-0.0,-0.0,-0.0,-0.0,-0.0,-0.0,0.375,-0.0,0.0,-0.0,-0.0,-0.0,-0.0,0.75,-0.0,-0.0,-0.0,0.125,0.25,-0.0,0.375,-0.0,-0.0,-0.0,-0.0,-0.0,-0.0,-0.0,-0.0,0.375,-0.0,-0.0,-0.0,-0.0,0.375,-0.0,0.375,-0.0,-0.0,-0.0,-0.0,-0.0,-0.0,-0.0,-0.0,-0.0,-0.0,-0.0,0.75,-0.0,0.125,-0.0,-0.0,-0.0,-0.0,-0.0,0.125,-0.0,-0.0,-0.0,-0.0,-0.0,-0.0,-0.0,-0.0,-0.0,-0.0,-0.0,0.125,-0.0,-0.0,-0.0,-0.0,-0.0,0.625,-0.0,-0.0,0.125,-0.0,0.125,-0.0,0.5,-0.0,-0.0,0.375,-0.0,-0.0,-0.0,-0.0,-0.0,-0.0,-0.0,-0.0,-0.0,-0.0,-0.0,-0.0,-0.0,-0.0,-0.0,0.0,-0.0,-0.0,-0.0,-0.0,-0.0,-0.0,-0.0,-0.0,-0.0,-0.0,-0.0,0.25,-0.0,0.375,-0.0,-0.0,-0.0,0.5,-0.0,-0.0,0.5,-0.0,-0.0,-0.0,-0.0,-0.0,-0.0,-0.0,-0.0
-0.0,-0.0,-0.0,0.75,-0.0,0.375,-0.0,-0.0,-0.0,0.125,-0.0,-0.0,-0.0,-0.0,-0.0,0.375,-0.0,-0.0,-0.0,0.375,-0.0,-0.0,-0.0,-0.0,-0.0,-0.0,-0.0,-0.0,-0.0,-0.0,-0.0,-0.0,0.25,-0.0,-0.0,0.5,0.125,-0.0,-0.0,-0.0,-0.0,-0.0,-0.0,-0.0,-0.0,-0.0,-0.0,0.125,-0.0,-0.0,-0.0,-0.0,-0.0,-0.0,-0.0,0.125,-0.0,-0.0,0.0,0.5,-0.0,-0.0,0.625,-0.0,0.5,-0.0,-0.0,0.625,-0.0,0.375,-0.0,-0.0,0.5,-0.0,-0.0,-0.0,-0.0,0.25,-0.0,-0.0,-0.0,-0.0,-0.0,-0.0,-0.0,-0.0,-0.0,-0.0,-0.0,0.375,-0.0,0.0,-0.0,-0.0,-0.0,-0.0,-0.0,-0.0,-0.0,-0.0,-0.0,-0.0,-0.0,-0.0,0.125,-0.0,-0.0,-0.0,-0.0,0.5,-0.0,-0.0,-0.0,-0.0,-0.0,-0.0,-0.0,-0.0,-0.0,0.625,-0.0,-0.0,-0.0,-0.0,0.75,0.25,-0.0,-0.0,-0.0,-0.0,-0.0,-0.0,0.625,-0.0,-0.0,-0.0,-0.0,-0.0,0.375,-0.0,-0.0,-0.0,-0.0,-0.0,0.0,-0.0,0.875,-0.0,-0.0,-0.0,-0.0,-0.0,-0.0,-0.0,0.5,-0.0,-0.0,-0.0,-0.0,0.375,0.0,-0.0,-0.0,-0.0,-0.0,-0.0,-0.0,-0.0,-0.0,0.125,-0.0,-0.0,-0.0,-0.0,-0.0,-0.0,0.125,-0.0,0.75,-0.0,-0.0,-0.0,-0.0,0.25,-0.0,-0.0,-0.0,0.875,-0.0,-0.0,0.375,-0.0,-0.0,-0.0,-0.0,-0.0,0.125,-0.0,-0.0,-0.0,-0.0,-0.0,-0.0,0.75,-0.0,-0.0,-0.0,0.25,-0.0,0.25,0.125,-0.0,-0.0,-0.0,0.125,-0.0,0.25,0.125,-0.0,-0.0,0.25,0.125,-0.0,-0.0,-0.0,-0.0,-0.0,-0.0,-0.0,0.125,-0.0,-0.0,-0.0,-0.0,-0.0,-0.0,-0.0,-0.0,0.125,0.25,0.75,-0.0,-0.0,-0.0,0.25,-0.0,-0.0,0.0,-0.0,-0.0,-0.0,0.5,-0.0,-0.0,-0.0,-0.0
-0.0,-0.0,0.75,-0.0,-0.0,0.0,0.625,-0.0,-0.0,-0.0,0.75,-0.0,0.125,0.125,0.5,-0.0,0.125,-0.0,0.0,-0.0,-0.0,1.125,-0.0,0.25,-0.0,-0.0,-0.0,0.125,-0.0,-0.0,-0.0,0.5,0.125,-0.0,-0.0,-0.0,-0.0,0.375,-0.0,-0.0,-0.0,-0.0,-0.0,0.375,-0.0,-0.0,-0.0,0.375,-0.0,-0.0,-0.0,-0.0,0.25,-0.0,-0.0,1.25,-0.0,-0.0,-0.0,0.0,-0.0,-0.0,0.25,-0.0,-0.0,-0.0,-0.0,0.5,-0.0,0.625,-0.0,-0.0,-0.0,-0.0,0.375,-0.0,-0.0,-0.0,-0.0,0.125,-0.0,-0.0,-0.0,-0.0,-0.0,-0.0,-0.0,-0.0,-0.0,-0.0,0.125,-0.0,-0.0,-0.0,0.25,-0.0,-0.0,0.5,-0.0,-0.0,-0.0,-0.0,0.25,-0.0,0.125,-0.0,-0.0,-0.0,-0.0,-0.0,-0.0,-0.0,-0.0,-0.0,-0.0,-0.0,0.625,-0.0,-0.0,-0.0,-0.0,-0.0,-0.0,-0.0,-0.0,-0.0,-0.0,-0.0,-0.0,-0.0,0.0,-0.0,0.375,-0.0,0.125,-0.0,-0.0,-0.0,-0.0,-0.0,-0.0,-0.0,-0.0,-0.0,-0.0,-0.0,0.375,-0.0,-0.0,0.25,-0.0,-0.0,-0.0,-0.0,0.25,0.25,0.125,0.5,-0.0,0.5,-0.0,-0.0,-0.0,-0.0,-0.0,-0.0,0.75,-0.0,-0.0,-0.0,0.75,-0.0,0.5,-0.0,-0.0,-0.0,-0.0,0.5,-0.0,-0.0,-0.0,-0.0,-0.0,-0.0,-0.0,-0.0,1.0,0.125,0.125,-0.0,1.125,-0.0,-0.0,-0.0,-0.0,-0.0,0.25,0.375,0.375,-0.0,-0.0,-0.0,-0.0,0.125,-0.0,0.25,-0.0,-0.0,-0.0,-0.0,0.0,-0.0,0.25,-0.0,0.25,-0.0,-0.0,-0.0,0.25,-0.0,-0.0,-0.0,-0.0,-0.0,-0.0,-0.0,-0.0,-0.0,-0.0,0.625,-0.0,0.375,-0.0,-0.0,-0.0,-0.0,-0.0,-0.0,1.0,0.125,0.25,-0.0,-0.0,-0.0,0.125,-0.0,-0.0,0.5,-0.0,-0.0,-0.0,-0.0,-0.0,-0.0,-0.0,-0.0
-0.0,-0.0,-0.0,-0.0,0.75,0.5,0.75,-0.0,-0.0,-0.0,-0.0,-0.0,-0.0,0.25,-0.0,-0.0,-0.0,-0.0,-0.0,-0.0,-0.0,-0.0,0.125,-0.0,-0.0,-0.0,-0.0,-0.0,-0.0,0.375,0.375,-0.0,0.375,-0.0,-0.0,-0.0,0.625,-0.0,-0.0,-0.0,-0.0,-0.0,-0.0,0.75,0.125,-0.0,-0.0,0.5,-0.0,-0.0,-0.0,-0.0,-0.0,-0.0,-0.0,-0.0,-0.0,0.375,-0.0,-0.0,-0.0,-0.0,-0.0,-0.0,-0.0,-0.0,-0.0,-0.0,-0.0,0.5,-0.0,-0.0,0.25,-0.0,-0.0,-0.0,-0.0,-0.0,-0.0,0.25,-0.0,-0.0,-0.0,-0.0,-0.0,-0.0,-0.0,-0.0,-0.0,-0.0,0.0,-0.0,-0.0,-0.0,-0.0,-0.0,-0.0,-0.0,-0.0,0.125,-0.0,0.125,-0.0,-0.0,0.625,0.25,0.125,-0.0,-0.0,0.75,-0.0,0.375,0.125,-0.0,-0.0,-0.0,-0.0,-0.0,-0.0,0.25,-0.0,-0.0,0.375,-0.0,-0.0,-0.0,-0.0,-0.0,-0.0,-0.0,0.0,-0.0,0.875,-0.0,-0.0,-0.0,-0.0,-0.0,0.125,-0.0,-0.0,-0.0,-0.0,0.125,-0.0,-0.0,0.375,-0.0,-0.0,-0.0,-0.0,-0.0,0.125,-0.0,-0.0,0.375,-0.0,-0.0,-0.0,-0.0,0.375,0.0,-0.0,-0.0,-0.0,0.25,-0.0,-0.0,0.125,-0.0,-0.0,-0.0,0.5,-0.0,-0.0,-0.0,-0.0,0.0,0.375,-0.0,-0.0,-0.0,-0.0,-0.0,-0.0,-0.0,0.25,-0.0,-0.0,-0.0,-0.0,-0.0,0.25,-0.0,-0.0,-0.0,-0.0,0.375,-0.0,0.5,-0.0,-0.0,-0.0,-0.0,-0.0,0.0,-0.0,-0.0,0.125,-0.0,0.25,-0.0,-0.0,0.125,0.25,-0.0,-0.0,0.375,-0.0,-0.0,-0.0,-0.0,-0.0,0.625,-0.0,-0.0,-0.0,-0.0,-0.0,-0.0,-0.0,-0.0,0.625,-0.0,-0.0,-0.0,-0.0,-0.0,0.25,-0.0,0.125,0.375,-0.0,-0.0,-0.0,-0.0,0.125,0.125,1.875,-0.0,-0.0,1.0,-0.0,-0.0,-0.0,-0.0
-0.0,-0.0,0.5,-0.0,1.25,-0.0,-0.0,-0.0,-0.0,-0.0,-0.0,-0.0,-0.0,-0.0,-0.0,-0.0,-0.0,-0.0,-0.0,-0.0,-0.0,-0.0,-0.0,-0.0,-0.0,-0.0,-0.0,-0.0,0.125,-0.0,-0.0,-0.0,-0.0,-0.0,-0.0,-0.0,1.125,-0.0,-0.0,0.375,-0.0,-0.0,-0.0,0.125,-0.0,-0.0,-0.0,-0.0,-0.0,-0.0,-0.0,-0.0,-0.0,-0.0,-0.0,-0.0,-0.0,-0.0,-0.0,-0.0,-0.0,-0.0,-0.0,-0.0,0.25,-0.0,1.375,-0.0,-0.0,0.75,-0.0,0.5,-0.0,-0.0,-0.0,-0.0,-0.0,-0.0,-0.0,0.125,0.5,-0.0,-0.0,0.125,-0.0,-0.0,-0.0,-0.0,-0.0,-0.0,-0.0,-0.0,-0.0,-0.0,0.625,-0.0,-0.0,-0.0,0.5,-0.0,-0.0,0.5,-0.0,-0.0,1.125,-0.0,0.25,-0.0,-0.0,0.25,-0.0,-0.0,-0.0,-0.0,-0.0,-0.0,-0.0,-0.0,-0.0,-0.0,-0.0,-0.0,-0.0,0.625,-0.0,-0.0,0.5,-0.0,-0.0,-0.0,-0.0,-0.0,-0.0,-0.0,-0.0,-0.0,-0.0,0.125,-0.0,-0.0,-0.0,-0.0,-0.0,0.125,-0.0,-0.0,0.5,-0.0,-0.0,-0.0,-0.0,-0.0,0.25,-0.0,0.5,0.375,-0.0,0.5,0.25,-0.0,-0.0,-0.0,-0.0,0.25,-0.0,-0.0,-0.0,0.25,-0.0,-0.0,-0.0,-0.0,-0.0,0.0,1.0,-0.0,-0.0,-0.0,-0.0,-0.0,-0.0,-0.0,-0.0,-0.0,-0.0,-0.0,-0.0,-0.0,-0.0,-0.0,-0.0,-0.0,-0.0,-0.0,0.375,-0.0,-0.0,-0.0,-0.0,-0.0,-0.0,-0.0,-0.0,-0.0,-0.0,-0.0,-0.0,-0.0,-0.0,0.25,-0.0,-0.0,-0.0,0.125,0.25,-0.0,-0.0,-0.0,-0.0,-0.0,0.125,-0.0,-0.0,-0.0,-0.0,-0.0,-0.0,-0.0,-0.0,1.875,-0.0,-0.0,-0.0,-0.0,-0.0,-0.0,-0.0,-0.0,-0.0,-0.0,1.0,-0.0,-0.0,-0.0,-0.0,-0.0,-0.0,-0.0,-0.0,-0.0,-0.0,0.625,-0.0,-0.0,0.5,-0.0
-0.0,-0.0,-0.0,-0.0,0.625,-0.0,0.625,-0.0,-0.0,-0.0,-0.0,0.375,-0.0,-0.0,0.125,-0.0,-0.0,-0.0,-0.0,-0.0,-0.0,0.5,-0.0,-0.0,-0.0,-0.0,-0.0,-0.0,-0.0,-0.0,-0.0,-0.0,-0.0,-0.0,-0.0,-0.0,0.75,0.375,-0.0,-0.0,-0.0,-0.0,-0.0,-0.0,-0.0,-0.0,-0.0,0.125,-0.0,-0.0,-0.0,-0.0,-0.0,-0.0,-0.0,1.5,-0.0,-0.0,-0.0,0.25,-0.0,-0.0,-0.0,-0.0,-0.0,-0.0,0.75,-0.0,-0.0,-0.0,0.25,-0.0,-0.0,-0.0,-0.0,-0.0,-0.0,0.125,-0.0,-0.0,0.125,-0.0,-0.0,-0.0,-0.0,-0.0,-0.0,-0.0,-0.0,-0.0,-0.0,-0.0,-0.0,-0.0,0.625,-0.0,-0.0,-0.0,-0.0,-0.0,0.75,-0.0,-0.0,-0.0,0.5,-0.0,1.0,-0.0,-0.0,0.0,-0.0,0.125,-0.0,-0.0,-0.0,-0.0,-0.0,-0.0,-0.0,-0.0,-0.0,-0.0,-0.0,-0.0,0.125,-0.0,0.25,-0.0,0.875,0.25,-0.0,-0.0,0.125,-0.0,-0.0,-0.0,-0.0,-0.0,-0.0,-0.0,-0.0,-0.0,-0.0,-0.0,0.25,-0.0,-0.0,-0.0,-0.0,-0.0,-0.0,-0.0,-0.0,-0.0,-0.0,-0.0,-0.0,0.375,0.375,-0.0,0.125,-0.0,-0.0,-0.0,-0.0,-0.0,-0.0,-0.0,-0.0,-0.0,-0.0,-0.0,-0.0,-0.0,-0.0,-0.0,-0.0,-0.0,1.125,-0.0,-0.0,-0.0,-0.0,-0.0,-0.0,-0.0,-0.0,-0.0,-0.0,-0.0,-0.0,-0.0,-0.0,-0.0,-0.0,-0.0,-0.0,-0.0,-0.0,0.75,-0.0,-0.0,0.75,-0.0,-0.0,-0.0,-0.0,0.25,-0.0,-0.0,-0.0,-0.0,-0.0,-0.0,-0.0,-0.0,-0.0,0.375,-0.0,-0.0,1.125,-0.0,-0.0,-0.0,0.375,1.125,-0.0,-0.0,-0.0,0.75,0.25,-0.0,-0.0,-0.0,-0.0,-0.0,-0.0,-0.0,0.25,-0.0,0.875,-0.0,-0.0,-0.0,-0.0,-0.0,-0.0,0.375,-0.0,-0.0,-0.0,0.25,-0.0,-0.0,-0.0,-0.0
-0.0,-0.0,0.125,-0.0,-0.0,-0.0,-0.0,-0.0,-0.0,-0.0,0.5,0.125,-0.0,-0.0,0.0,-0.0,-0.0,-0.0,-0.0,-0.0,-0.0,0.5,-0.0,-0.0,0.25,-0.0,-0.0,-0.0,0.125,-0.0,-0.0,0.25,-0.0,-0.0,-0.0,-0.0,-0.0,-0.0,-0.0,-0.0,-0.0,-0.0,-0.0,-0.0,-0.0,-0.0,-0.0,-0.0,0.0,-0.0,-0.0,-0.0,-0.0,-0.0,-0.0,1.125,-0.0,-0.0,-0.0,0.25,-0.0,-0.0,-0.0,-0.0,-0.0,-0.0,-0.0,-0.0,-0.0,0.125,-0.0,-0.0,-0.0,0.25,-0.0,-0.0,-0.0,0.125,-0.0,-0.0,-0.0,-0.0,0.125,-0.0,-0.0,-0.0,-0.0,-0.0,-0.0,-0.0,-0.0,-0.0,-0.0,-0.0,-0.0,0.25,-0.0,-0.0,-0.0,-0.0,-0.0,-0.0,0.625,-0.0,-0.0,-0.0,-0.0,-0.0,-0.0,-0.0,0.25,-0.0,-0.0,-0.0,-0.0,-0.0,-0.0,-0.0,-0.0,-0.0,0.125,-0.0,-0.0,-0.0,-0.0,-0.0,-0.0,-0.0,-0.0,-0.0,-0.0,-0.0,-0.0,-0.0,-0.0,-0.0,-0.0,-0.0,-0.0,-0.0,-0.0,-0.0,-0.0,-0.0,0.5,-0.0,-0.0,-0.0,-0.0,-0.0,-0.0,-0.0,-0.0,-0.0,0.375,0.5,-0.0,1.25,-0.0,-0.0,-0.0,-0.0,-0.0,-0.0,0.75,-0.0,-0.0,-0.0,0.5,-0.0,0.25,0.125,0.125,-0.0,-0.0,-0.0,-0.0,-0.0,0.0,-0.0,-0.0,-0.0,-0.0,-0.0,-0.0,-0.0,1.125,-0.0,-0.0,-0.0,-0.0,0.25,-0.0,-0.0,-0.0,-0.0,-0.0,-0.0,-0.0,0.375,-0.0,-0.0,-0.0,0.125,-0.0,-0.0,-0.0,-0.0,0.75,-0.0,0.25,-0.0,-0.0,-0.0,1.0,-0.0,-0.0,-0.0,-0.0,-0.0,-0.0,-0.0,-0.0,-0.0,0.125,0.5,0.125,0.25,0.125,0.25,-0.0,-0.0,-0.0,-0.0,-0.0,-0.0,-0.0,-0.0,-0.0,-0.0,-0.0,0.25,-0.0,-0.0,-0.0,-0.0,-0.0,-0.0,-0.0,-0.0,-0.0,-0.0,-0.0,0.375,-0.0,-0.0
-0.0,0.375,0.375,-0.0,0.375,0.125,0.625,0.125,-0.0,-0.0,0.25,0.375,-0.0,-0.0,-0.0,-0.0,0.0,0.0,-0.0,0.25,-0.0,0.0,0.0,0.375,-0.0,-0.0,0.875,0.25,-0.0,-0.0,0.75,-0.0,-0.0,-0.0,0.25,-0.0,1.25,-0.0,-0.0,1.125,-0.0,-0.0,0.5,0.5,-0.0,-0.0,-0.0,0.25,-0.0,-0.0,0.125,-0.0,-0.0,-0.0,-0.0,-0.0,0.375,-0.0,-0.0,-0.0,-0.0,-0.0,-0.0,-0.0,-0.0,-0.0,-0.0,-0.0,-0.0,-0.0,-0.0,-0.0,-0.0,-0.0,-0.0,-0.0,1.125,-0.0,-0.0,-0.0,-0.0,-0.0,-0.0,-0.0,-0.0,-0.0,-0.0,0.0,-0.0,-0.0,-0.0,-0.0,-0.0,-0.0,-0.0,-0.0,-0.0,0.5,1.125,-0.0,-0.0,0.25,-0.0,-0.0,0.125,-0.0,0.875,0.0,-0.0,-0.0,-0.0,-0.0,-0.0,-0.0,-0.0,-0.0,-0.0,0.5,-0.0,-0.0,-0.0,-0.0,-0.0,0.5,-0.0,-0.0,-0.0,-0.0,-0.0,-0.0,-0.0,-0.0,0.25,-0.0,-0.0,-0.0,-0.0,-0.0,-0.0,-0.0,-0.0,-0.0,0.25,-0.0,-0.0,-0.0,0.0,-0.0,-0.0,-0.0,-0.0,-0.0,0.625,-0.0,-0.0,-0.0,-0.0,0.125,0.875,-0.0,0.0,-0.0,0.125,-0.0,-0.0,0.375,-0.0,-0.0,-0.0,-0.0,-0.0,-0.0,-0.0,-0.0,-0.0,-0.0,-0.0,0.75,-0.0,-0.0,-0.0,-0.0,-0.0,-0.0,-0.0,-0.0,-0.0,-0.0,-0.0,-0.0,-0.0,-0.0,-0.0,-0.0,-0.0,-0.0,-0.0,-0.0,-0.0,0.125,0.25,-0.0,-0.0,-0.0,-0.0,0.375,-0.0,-0.0,0.0,0.25,-0.0,-0.0,-0.0,0.375,0.625,-0.0,-0.0,0.25,-0.0,0.25,0.375,-0.0,-0.0,-0.0,-0.0,0.875,-0.0,-0.0,-0.0,0.875,-0.0,0.125,-0.0,0.5,-0.0,0.125,-0.0,-0.0,0.25,-0.0,-0.0,-0.0,-0.0,-0.0,-0.0,-0.0,-0.0,0.375,-0.0,0.125,-0.0,1.125,-0.0,-0.0,0.375,-0.0
0.5,-0.0,-0.0,-0.0,0.25,-0.0,-0.0,-0.0,-0.0,-0.0,-0.0,0.125,-0.0,1.0,-0.0,-0.0,0.625,-0.0,-0.0,-0.0,-0.0,-0.0,-0.0,-0.0,-0.0,-0.0,-0.0,0.25,-0.0,-0.0,1.0,-0.0,-0.0,-0.0,-0.0,-0.0,0.875,-0.0,-0.0,0.5,-0.0,-0.0,-0.0,-0.0,-0.0,-0.0,-0.0,-0.0,1.125,-0.0,-0.0,-0.0,-0.0,-0.0,-0.0,-0.0,-0.0,-0.0,-0.0,-0.0,-0.0,-0.0,-0.0,0.125,-0.0,-0.0,-0.0,-0.0,1.125,-0.0,0.125,-0.0,-0.0,1.625,0.125,-0.0,0.5,-0.0,-0.0,0.625,-0.0,-0.0,-0.0,0.375,0.25,0.125,-0.0,1.125,-0.0,-0.0,-0.0,-0.0,-0.0,-0.0,0.75,-0.0,0.25,-0.0,1.0,-0.0,-0.0,-0.0,0.75,-0.0,0.625,-0.0,0.75,-0.0,0.125,-0.0,0.25,-0.0,-0.0,-0.0,-0.0,-0.0,-0.0,-0.0,-0.0,-0.0,-0.0,-0.0,-0.0,0.0,-0.0,-0.0,0.5,0.25,0.375,-0.0,-0.0,-0.0,-0.0,-0.0,-0.0,-0.0,-0.0,-0.0,0.25,-0.0,-0.0,-0.0,1.0,-0.0,0.125,-0.0,0.125,-0.0,-0.0,-0.0,-0.0,-0.0,-0.0,-0.0,0.25,-0.0,-0.0,1.375,-0.0,-0.0,-0.0,-0.0,-0.0,0.375,-0.0,-0.0,-0.0,-0.0,-0.0,0.5,-0.0,1.0,-0.0,0.125,-0.0,-0.0,-0.0,-0.0,0.5,-0.0,-0.0,-0.0,-0.0,-0.0,-0.0,-0.0,-0.0,1.25,-0.0,-0.0,-0.0,0.5,-0.0,-0.0,-0.0,-0.0,-0.0,-0.0,-0.0,0.875,-0.0,-0.0,0.25,-0.0,-0.0,0.125,-0.0,0.375,-0.0,-0.0,-0.0,-0.0,-0.0,-0.0,-0.0,-0.0,-0.0,-0.0,-0.0,0.25,-0.0,-0.0,0.125,-0.0,2.25,-0.0,-0.0,-0.0,-0.0,1.375,0.125,-0.0,-0.0,1.25,-0.0,1.0,-0.0,-0.0,-0.0,-0.0,-0.0,-0.0,-0.0,-0.0,-0.0,0.125,-0.0,0.75,-0.0,-0.0,-0.0,-0.0,-0.0,-0.0,0.875,-0.0
0.375,-0.0,0.375,-0.0,0.75,-0.0,-0.0,-0.0,-0.0,-0.0,-0.0,-0.0,-0.0,0.75,-0.0,-0.0,-0.0,-0.0,-0.0,-0.0,-0.0,0.625,0.25,-0.0,-0.0,-0.0,-0.0,0.625,-0.0,0.125,0.625,-0.0,-0.0,-0.0,-0.0,-0.0,0.5,0.625,-0.0,-0.0,-0.0,-0.0,-0.0,1.875,-0.0,-0.0,-0.0,-0.0,0.625,-0.0,-0.0,-0.0,-0.0,-0.0,-0.0,-0.0,0.875,-0.0,-0.0,-0.0,-0.0,0.375,-0.0,-0.0,-0.0,-0.0,-0.0,-0.0,-0.0,-0.0,-0.0,-0.0,-0.0,-0.0,0.375,-0.0,-0.0,-0.0,-0.0,0.75,-0.0,-0.0,-0.0,-0.0,-0.0,-0.0,-0.0,-0.0,-0.0,-0.0,0.125,-0.0,-0.0,-0.0,-0.0,0.625,-0.0,-0.0,0.125,-0.0,-0.0,-0.0,0.625,-0.0,-0.0,-0.0,1.125,-0.0,0.125,-0.0,0.375,-0.0,-0.0,0.25,-0.0,-0.0,-0.0,-0.0,-0.0,-0.0,-0.0,-0.0,0.5,-0.0,-0.0,-0.0,-0.0,-0.0,-0.0,-0.0,-0.0,-0.0,-0.0,-0.0,0.125,-0.0,-0.0,-0.0,-0.0,-0.0,-0.0,0.25,-0.0,-0.0,-0.0,-0.0,-0.0,-0.0,-0.0,-0.0,-0.0,-0.0,-0.0,-0.0,0.75,-0.0,-0.0,-0.0,-0.0,-0.0,0.125,-0.0,-0.0,0.375,-0.0,-0.0,-0.0,-0.0,-0.0,-0.0,-0.0,-0.0,-0.0,-0.0,-0.0,-0.0,-0.0,-0.0,-0.0,-0.0,-0.0,-0.0,-0.0,-0.0,-0.0,-0.0,-0.0,-0.0,-0.0,-0.0,-0.0,0.75,-0.0,-0.0,-0.0,-0.0,-0.0,-0.0,-0.0,1.125,0.125,-0.0,-0.0,-0.0,-0.0,-0.0,-0.0,-0.0,-0.0,-0.0,-0.0,-0.0,-0.0,-0.0,-0.0,-0.0,-0.0,-0.0,-0.0,-0.0,-0.0,-0.0,0.625,-0.0,0.875,0.625,-0.0,-0.0,-0.0,0.25,0.125,-0.0,-0.0,-0.0,-0.0,0.25,-0.0,-0.0,-0.0,0.375,0.125,-0.0,-0.0,-0.0,-0.0,-0.0,-0.0,-0.0,-0.0,-0.0,-0.0,-0.0,-0.0,-0.0,-0.0,-0.0
-0.0,-0.0,0.125,-0.0,-0.0,-0.0,0.125,-0.0,-0.0,-0.0,-0.0,-0.0,-0.0,0.125,-0.0,-0.0,-0.0,-0.0,-0.0,-0.0,-0.0,0.75,-0.0,-0.0,-0.0,-0.0,-0.0,-0.0,-0.0,-0.0,-0.0,-0.0,0.125,-0.0,-0.0,-0.0,0.875,0.375,-0.0,-0.0,-0.0,-0.0,-0.0,-0.0,-0.0,-0.0,-0.0,-0.0,-0.0,-0.0,0.625,-0.0,-0.0,-0.0,-0.0,0.25,-0.0,-0.0,-0.0,0.375,-0.0,-0.0,-0.0,-0.0,-0.0,-0.0,0.5,-0.0,-0.0,0.25,-0.0,-0.0,-0.0,-0.0,0.5,-0.0,-0.0,-0.0,-0.0,-0.0,-0.0,-0.0,0.25,-0.0,-0.0,-0.0,0.125,-0.0,0.125,-0.0,-0.0,-0.0,-0.0,-0.0,-0.0,0.25,-0.0,-0.0,-0.0,-0.0,-0.0,-0.0,-0.0,-0.0,-0.0,-0.0,-0.0,-0.0,-0.0,-0.0,-0.0,-0.0,-0.0,-0.0,-0.0,-0.0,-0.0,-0.0,0.125,-0.0,-0.0,-0.0,-0.0,-0.0,0.25,0.25,-0.0,-0.0,-0.0,-0.0,-0.0,-0.0,0.875,-0.0,-0.0,-0.0,-0.0,-0.0,-0.0,-0.0,-0.0,-0.0,-0.0,0.125,-0.0,-0.0,0.5,-0.0,-0.0,-0.0,-0.0,-0.0,-0.0,-0.0,-0.0,-0.0,-0.0,-0.0,0.25,-0.0,-0.0,-0.0,0.125,-0.0,-0.0,-0.0,-0.0,0.375,0.25,-0.0,-0.0,-0.0,-0.0,-0.0,0.5,-0.0,-0.0,-0.0,-0.0,-0.0,0.0,-0.0,-0.0,0.25,-0.0,-0.0,-0.0,0.5,-0.0,-0.0,0.75,-0.0,-0.0,-0.0,0.5,-0.0,-0.0,-0.0,-0.0,0.625,-0.0,-0.0,-0.0,-0.0,-0.0,0.25,-0.0,-0.0,0.625,-0.0,0.5,-0.0,-0.0,-0.0,-0.0,-0.0,-0.0,-0.0,-0.0,-0.0,0.25,-0.0,0.625,0.75,-0.0,-0.0,0.5,0.125,-0.0,-0.0,-0.0,-0.0,-0.0,-0.0,-0.0,-0.0,-0.0,-0.0,-0.0,0.75,0.5,-0.0,-0.0,-0.0,-0.0,-0.0,-0.0,0.125,-0.0,-0.0,-0.0,-0.0,-0.0,-0.0,-0.0,-0.0
0.75,-0.0,0.25,-0.0,-0.0,-0.0,-0.0,-0.0,-0.0,-0.0,-0.0,-0.0,0.375,-0.0,1.0,-0.0,-0.0,0.25,-0.0,-0.0,-0.0,-0.0,0.125,0.25,-0.0,-0.0,1.125,-0.0,-0.0,-0.0,-0.0,-0.0,-0.0,0.0,-0.0,-0.0,0.125,-0.0,-0.0,-0.0,-0.0,-0.0,-0.0,-0.0,0.375,-0.0,-0.0,-0.0,-0.0,0.25,-0.0,-0.0,-0.0,-0.0,-0.0,-0.0,0.125,-0.0,0.125,-0.0,-0.0,0.75,-0.0,0.5,-0.0,-0.0,-0.0,0.25,-0.0,0.25,-0.0,-0.0,-0.0,-0.0,0.125,-0.0,-0.0,0.125,-0.0,-0.0,-0.0,-0.0,-0.0,-0.0,-0.0,-0.0,-0.0,-0.0,-0.0,-0.0,-0.0,0.125,0.0,-0.0,-0.0,0.625,-0.0,-0.0,0.5,-0.0,-0.0,-0.0,0.5,-0.0,-0.0,-0.0,-0.0,-0.0,-0.0,-0.0,-0.0,-0.0,-0.0,0.125,-0.0,-0.0,-0.0,0.25,-0.0,-0.0,-0.0,-0.0,-0.0,-0.0,-0.0,-0.0,-0.0,0.0,-0.0,-0.0,-0.0,-0.0,0.25,-0.0,0.125,-0.0,-0.0,0.125,-0.0,0.125,0.0,-0.0,0.5,-0.0,0.125,-0.0,-0.0,-0.0,-0.0,-0.0,-0.0,-0.0,-0.0,-0.0,-0.0,-0.0,-0.0,-0.0,-0.0,-0.0,0.125,-0.0,0.125,-0.0,-0.0,-0.0,-0.0,-0.0,-0.0,0.5,-0.0,-0.0,-0.0,-0.0,0.125,-0.0,-0.0,-0.0,-0.0,-0.0,0.125,-0.0,-0.0,0.125,-0.0,0.5,-0.0,-0.0,0.125,-0.0,-0.0,-0.0,-0.0,-0.0,-0.0,0.375,-0.0,-0.0,-0.0,0.75,0.5,0.125,-0.0,-0.0,-0.0,-0.0,0.125,0.0,-0.0,-0.0,-0.0,-0.0,-0.0,-0.0,-0.0,0.5,-0.0,-0.0,-0.0,-0.0,-0.0,-0.0,-0.0,-0.0,-0.0,-0.0,-0.0,-0.0,-0.0,-0.0,-0.0,0.25,-0.0,-0.0,-0.0,0.0,-0.0,-0.0,-0.0,-0.0,0.875,-0.0,-0.0,-0.0,-0.0,-0.0,-0.0,-0.0,-0.0,-0.0,-0.0,-0.0,-0.0,-0.0,0.625,-0.0
-0.0,-0.0,-0.0,-0.0,-0.0,-0.0,-0.0,-0.0,-0.0,-0.0,-0.0,-0.0,-0.0,0.625,-0.0,0.125,0.375,-0.0,-0.0,-0.0,-0.0,-0.0,-0.0,-0.0,-0.0,-0.0,0.625,-0.0,-0.0,-0.0,1.5,-0.0,-0.0,-0.0,-0.0,-0.0,-0.0,0.375,-0.0,-0.0,-0.0,-0.0,-0.0,-0.0,0.125,-0.0,-0.0,0.25,-0.0,-0.0,-0.0,-0.0,-0.0,-0.0,-0.0,-0.0,-0.0,0.5,-0.0,-0.0,0.125,-0.0,-0.0,0.375,-0.0,-0.0,-0.0,-0.0,1.75,-0.0,-0.0,-0.0,-0.0,-0.0,-0.0,-0.0,-0.0,0.125,-0.0,0.75,-0.0,-0.0,-0.0,-0.0,-0.0,-0.0,-0.0,0.625,-0.0,-0.0,0.125,0.5,-0.0,-0.0,-0.0,-0.0,-0.0,-0.0,0.125,-0.0,-0.0,0.125,-0.0,-0.0,-0.0,-0.0,-0.0,-0.0,0.125,-0.0,-0.0,-0.0,0.25,-0.0,-0.0,-0.0,-0.0,-0.0,-0.0,-0.0,-0.0,-0.0,-0.0,0.375,-0.0,-0.0,-0.0,-0.0,-0.0,-0.0,-0.0,-0.0,0.25,-0.0,0.125,0.25,-0.0,-0.0,0.125,-0.0,-0.0,-0.0,-0.0,0.125,-0.0,-0.0,0.625,-0.0,0.875,-0.0,-0.0,-0.0,-0.0,-0.0,-0.0,-0.0,-0.0,-0.0,-0.0,-0.0,-0.0,-0.0,-0.0,-0.0,-0.0,-0.0,-0.0,-0.0,-0.0,1.125,-0.0,0.25,-0.0,-0.0,-0.0,-0.0,0.25,0.375,1.0,-0.0,-0.0,-0.0,-0.0,-0.0,-0.0,0.375,-0.0,0.375,0.125,-0.0,-0.0,-0.0,0.125,-0.0,-0.0,0.25,-0.0,1.0,-0.0,0.875,-0.0,-0.0,-0.0,-0.0,-0.0,-0.0,0.125,-0.0,0.25,-0.0,-0.0,-0.0,-0.0,-0.0,-0.0,0.5,-0.0,-0.0,-0.0,-0.0,-0.0,-0.0,-0.0,0.25,0.5,-0.0,-0.0,-0.0,-0.0,-0.0,-0.0,-0.0,-0.0,-0.0,-0.0,-0.0,-0.0,-0.0,-0.0,-0.0,-0.0,0.875,-0.0,-0.0,-0.0,0.125,-0.0,-0.0,-0.0,-0.0,-0.0,0.125,-0.0,-0.0,0.125,-0.0
0.125,-0.0,-0.0,-0.0,0.5,-0.0,-0.0,-0.0,-0.0,-0.0,-0.0,-0.0,-0.0,1.0,-0.0,-0.0,0.25,-0.0,-0.0,-0.0,-0.0,-0.0,0.125,-0.0,0.125,-0.0,0.125,-0.0,-0.0,0.375,1.375,-0.0,0.25,-0.0,-0.0,-0.0,0.125,0.625,-0.0,0.75,-0.0,-0.0,-0.0,0.625,-0.0,-0.0,-0.0,-0.0,-0.0,-0.0,-0.0,-0.0,-0.0,-0.0,-0.0,-0.0,0.375,0.5,-0.0,-0.0,-0.0,-0.0,-0.0,-0.0,0.5,-0.0,-0.0,-0.0,0.125,-0.0,-0.0,-0.0,0.125,-0.0,-0.0,-0.0,-0.0,-0.0,0.25,1.75,-0.0,-0.0,-0.0,-0.0,-0.0,-0.0,-0.0,0.375,-0.0,-0.0,0.75,-0.0,-0.0,-0.0,-0.0,-0.0,-0.0,-0.0,-0.0,-0.0,-0.0,-0.0,0.0,0.25,-0.0,0.625,0.125,-0.0,-0.0,-0.0,-0.0,0.0,-0.0,-0.0,-0.0,-0.0,-0.0,-0.0,-0.0,-0.0,-0.0,-0.0,-0.0,-0.0,-0.0,-0.0,0.375,-0.0,-0.0,-0.0,-0.0,-0.0,-0.0,0.25,-0.0,-0.0,-0.0,0.875,0.625,-0.0,-0.0,-0.0,-0.0,0.25,-0.0,-0.0,-0.0,-0.0,0.75,-0.0,-0.0,-0.0,-0.0,-0.0,0.125,-0.0,-0.0,-0.0,-0.0,-0.0,-0.0,-0.0,-0.0,0.25,-0.0,-0.0,-0.0,-0.0,0.125,1.125,-0.0,0.75,0.25,-0.0,-0.0,-0.0,0.125,-0.0,0.5,-0.0,-0.0,0.375,-0.0,0.125,-0.0,0.375,-0.0,-0.0,-0.0,-0.0,0.25,-0.0,0.125,-0.0,-0.0,-0.0,-0.0,-0.0,-0.0,1.125,-0.0,-0.0,-0.0,-0.0,-0.0,-0.0,-0.0,-0.0,-0.0,-0.0,-0.0,-0.0,-0.0,-0.0,-0.0,0.25,0.125,-0.0,-0.0,-0.0,-0.0,-0.0,1.5,-0.0,0.75,-0.0,-0.0,0.375,-0.0,0.75,-0.0,0.125,-0.0,-0.0,-0.0,-0.0,-0.0,-0.0,-0.0,-0.0,0.25,2.375,-0.0,-0.0,-0.0,-0.0,-0.0,-0.0,-0.0,-0.0,0.25,1.0,-0.0,0.5,0.5,-0.0
-0.0,0.25,0.375,-0.0,0.25,-0.0,0.125,-0.0,-0.0,-0.0,-0.0,-0.0,-0.0,0.125,-0.0,-0.0,0.375,-0.0,-0.0,0.125,-0.0,-0.0,0.375,-0.0,-0.0,-0.0,0.5,-0.0,-0.0,0.125,-0.0,-0.0,-0.0,-0.0,-0.0,-0.0,0.5,-0.0,-0.0,-0.0,-0.0,0.5,0.125,-0.0,0.5,-0.0,-0.0,-0.0,-0.0,-0.0,-0.0,0.25,-0.0,-0.0,-0.0,-0.0,0.0,-0.0,-0.0,0.125,-0.0,-0.0,-0.0,0.125,0.375,-0.0,0.375,1.625,-0.0,-0.0,-0.0,0.625,0.125,1.0,-0.0,-0.0,-0.0,-0.0,-0.0,0.375,-0.0,-0.0,-0.0,0.25,-0.0,-0.0,-0.0,-0.0,0.125,-0.0,-0.0,-0.0,-0.0,-0.0,-0.0,0.375,-0.0,-0.0,-0.0,-0.0,-0.0,-0.0,-0.0,-0.0,0.5,-0.0,-0.0,-0.0,0.75,-0.0,-0.0,-0.0,-0.0,-0.0,-0.0,-0.0,-0.0,0.125,-0.0,-0.0,0.75,-0.0,-0.0,-0.0,-0.0,-0.0,0.375,-0.0,-0.0,-0.0,-0.0,-0.0,-0.0,0.25,-0.0,-0.0,-0.0,0.125,-0.0,-0.0,-0.0,-0.0,-0.0,0.625,-0.0,0.25,-0.0,0.375,0.125,-0.0,0.125,-0.0,-0.0,-0.0,-0.0,-0.0,-0.0,-0.0,-0.0,-0.0,-0.0,-0.0,-0.0,-0.0,-0.0,-0.0,-0.0,-0.0,-0.0,-0.0,-0.0,-0.0,-0.0,-0.0,0.625,-0.0,-0.0,-0.0,-0.0,-0.0,-0.0,-0.0,-0.0,-0.0,-0.0,0.125,-0.0,-0.0,-0.0,-0.0,-0.0,-0.0,-0.0,-0.0,-0.0,0.125,-0.0,-0.0,-0.0,0.375,-0.0,-0.0,-0.0,-0.0,-0.0,-0.0,0.625,-0.0,-0.0,-0.0,-0.0,-0.0,-0.0,-0.0,-0.0,0.375,-0.0,0.25,-0.0,-0.0,-0.0,-0.0,0.625,-0.0,-0.0,0.0,0.625,-0.0,-0.0,0.625,-0.0,-0.0,-0.0,-0.0,-0.0,-0.0,-0.0,-0.0,-0.0,0.375,0.375,1.125,-0.0,-0.0,-0.0,-0.0,-0.0,-0.0,-0.0,-0.0,-0.0,-0.0,-0.0,0.5,0.25,-0.0
